index,plate_id,registration_state,plate_type,violation_code,school_zone_violations,violation_borough,violation_description,manhattan_96_below_fine,all_other_fine,fines,row_num,row_pct,cum_share,school_zone_violations_binned,red_light_violations
78,00009VU,PA,PAS,36,1,Queens,PHTO SCHOOL ZN SPEED VIOLATION,50.0,50.0,50.0,0,0.0,1.2611084739931689e-07,1,0.0
6110528,KNK2387,PA,PAS,36,1,Brooklyn,PHTO SCHOOL ZN SPEED VIOLATION,50.0,50.0,50.0,9998,0.003351503231998241,0.0012609823631457694,1,0.0
5871148,KLE2971,NY,PAS,36,1,Brooklyn,PHTO SCHOOL ZN SPEED VIOLATION,50.0,50.0,50.0,19997,0.006703341681363155,0.002521964726291539,1,2.0
5946074,KLX5642,NY,PAS,36,1,Queens,PHTO SCHOOL ZN SPEED VIOLATION,50.0,50.0,50.0,29991,0.010053504043894703,0.003782316535200312,1,0.0
6369128,KRU8295,NY,SRF,36,1,Queens,PHTO SCHOOL ZN SPEED VIOLATION,50.0,50.0,50.0,39988,0.01340467205852627,0.0050430466766512826,1,0.0
6183660,KNX9385,NY,PAS,36,1,Brooklyn,PHTO SCHOOL ZN SPEED VIOLATION,50.0,50.0,50.0,49985,0.01675584007315784,0.006303776818102254,1,0.0
6220550,KPH2767,NY,PAS,36,1,Brooklyn,PHTO SCHOOL ZN SPEED VIOLATION,50.0,50.0,50.0,59982,0.020107008087789407,0.0075645069595532246,1,0.0
5583519,KHG1794,NY,PAS,36,1,Manhattan,PHTO SCHOOL ZN SPEED VIOLATION,50.0,50.0,50.0,69979,0.02345817610242097,0.008825237101004196,1,0.0
5409274,KFK4271,NY,PAS,36,1,Staten Island,PHTO SCHOOL ZN SPEED VIOLATION,50.0,50.0,50.0,79975,0.026809008899685866,0.010085841131607766,1,0.0
5416776,KFL5904,NY,PAS,36,1,Bronx,PHTO SCHOOL ZN SPEED VIOLATION,50.0,50.0,50.0,89973,0.03016051213168411,0.011346697383906137,1,0.0
5741243,KJZ7760,NC,PAS,36,1,Queens,PHTO SCHOOL ZN SPEED VIOLATION,50.0,50.0,50.0,99968,0.03351100971158233,0.012607175303662309,1,0.0
5641053,KHV8915,NY,PAS,36,1,Brooklyn,PHTO SCHOOL ZN SPEED VIOLATION,50.0,50.0,50.0,109961,0.0368608368567472,0.013867401001723683,1,0.0
5678180,KJF1283,NY,PAS,36,1,Queens,PHTO SCHOOL ZN SPEED VIOLATION,50.0,50.0,50.0,119956,0.04021133443664543,0.015127878921479855,1,0.0
7181868,KYC8963,NY,PAS,36,1,Queens,PHTO SCHOOL ZN SPEED VIOLATION,50.0,50.0,50.0,129952,0.04356216723391032,0.016388482952083425,1,0.0
7044435,KXD7870,PA,PAS,36,1,Queens,PHTO SCHOOL ZN SPEED VIOLATION,50.0,50.0,50.0,139949,0.04691333524854189,0.0176492130935344,1,0.0
7125306,KXU6139,NY,PAS,36,1,Queens,PHTO SCHOOL ZN SPEED VIOLATION,50.0,50.0,50.0,149947,0.05026483848054013,0.018910069345832767,1,0.0
7457555,KZH7748,NY,PAS,36,1,Brooklyn,PHTO SCHOOL ZN SPEED VIOLATION,50.0,50.0,50.0,159943,0.053615671277805026,0.02017067337643634,1,0.0
7551080,KZU2773,NY,PAS,36,1,Bronx,PHTO SCHOOL ZN SPEED VIOLATION,50.0,50.0,50.0,169939,0.05696650407506992,0.02143127740703991,1,0.0
7440339,KZG3997,NY,PAS,36,1,Brooklyn,PHTO SCHOOL ZN SPEED VIOLATION,50.0,50.0,50.0,179937,0.060318007307068155,0.02269213365933828,1,0.0
6563116,KTH2208,NY,PAS,36,1,Queens,PHTO SCHOOL ZN SPEED VIOLATION,50.0,50.0,50.0,189934,0.06366917532169973,0.023952863800789252,1,0.0
6652847,KTY7425,NY,PAS,36,1,Brooklyn,PHTO SCHOOL ZN SPEED VIOLATION,50.0,50.0,50.0,199932,0.06702067855369796,0.025213720053087623,1,1.0
6511284,KSY1442,NY,PAS,36,1,Queens,PHTO SCHOOL ZN SPEED VIOLATION,50.0,50.0,50.0,209929,0.07037184656832954,0.026474450194538594,1,0.0
6906281,KWF4556,NY,PAS,36,1,Manhattan,PHTO SCHOOL ZN SPEED VIOLATION,50.0,50.0,50.0,219926,0.0737230145829611,0.027735180335989564,1,0.0
6942274,KWM4372,NY,PAS,36,1,Staten Island,PHTO SCHOOL ZN SPEED VIOLATION,50.0,50.0,50.0,229921,0.07707351216285932,0.028995658255745738,1,1.0
6812925,KVP1468,NY,PAS,36,1,Brooklyn,PHTO SCHOOL ZN SPEED VIOLATION,50.0,50.0,50.0,239916,0.08042400974275754,0.030256136175501908,1,0.0
4165205,ITF653,NY,PAS,36,1,Queens,PHTO SCHOOL ZN SPEED VIOLATION,50.0,50.0,50.0,249913,0.08377517775738912,0.03151686631695288,1,0.0
4168065,IYTF37,FL,PAS,36,1,Manhattan,PHTO SCHOOL ZN SPEED VIOLATION,50.0,50.0,50.0,259911,0.08712668098938735,0.03277772256925125,1,0.0
4012896,HWR684,IL,PAS,36,1,Brooklyn,PHTO SCHOOL ZN SPEED VIOLATION,50.0,50.0,50.0,269909,0.0904781842213856,0.03403857882154962,1,0.0
4342842,JCX4510,NY,PAS,36,1,Brooklyn,PHTO SCHOOL ZN SPEED VIOLATION,50.0,50.0,50.0,279908,0.09383002267075051,0.03529956118469539,1,0.0
4370026,JDR9436,NY,PAS,36,1,Queens,PHTO SCHOOL ZN SPEED VIOLATION,50.0,50.0,50.0,289907,0.09718186112011543,0.03656054354784116,1,0.0
4217396,JAA7774,NY,PAS,36,1,Queens,PHTO SCHOOL ZN SPEED VIOLATION,50.0,50.0,50.0,299906,0.10053369956948034,0.037821525910986926,1,0.0
3719532,HLW8350,NY,PAS,36,1,Brooklyn,PHTO SCHOOL ZN SPEED VIOLATION,50.0,50.0,50.0,309905,0.10388553801884524,0.0390825082741327,1,0.0
3775802,HNR4444,NY,PAS,36,1,Queens,PHTO SCHOOL ZN SPEED VIOLATION,50.0,50.0,50.0,319901,0.10723637081611015,0.04034311230473627,1,0.0
3581776,HGE2455,NY,PAS,36,1,Queens,PHTO SCHOOL ZN SPEED VIOLATION,50.0,50.0,50.0,329899,0.11058787404810838,0.04160396855703464,1,0.0
3649532,HJP9156,NY,PAS,36,1,Staten Island,PHTO SCHOOL ZN SPEED VIOLATION,50.0,50.0,50.0,339897,0.11393937728010663,0.04286482480933301,1,0.0
3994544,HVZ2181,NY,PAS,36,1,Bronx,PHTO SCHOOL ZN SPEED VIOLATION,50.0,50.0,50.0,349894,0.11729054529473819,0.044125554950783984,1,0.0
3798416,HPE7211,OH,PAS,36,1,Queens,PHTO SCHOOL ZN SPEED VIOLATION,50.0,50.0,50.0,359892,0.12064204852673643,0.04538641120308235,1,0.0
3862192,HSG5767,NY,PAS,36,1,Queens,PHTO SCHOOL ZN SPEED VIOLATION,50.0,50.0,50.0,369887,0.12399254610663465,0.04664688912283852,1,0.0
5085766,K58LGX,NJ,PAS,36,1,Brooklyn,PHTO SCHOOL ZN SPEED VIOLATION,50.0,50.0,50.0,379882,0.12734304368653288,0.0479073670425947,1,0.0
4934131,JPT9190,NY,PAS,36,1,Bronx,PHTO SCHOOL ZN SPEED VIOLATION,50.0,50.0,50.0,389879,0.13069421170116444,0.04916809718404567,1,1.0
4950596,JPY1134,NY,PAS,36,1,Queens,PHTO SCHOOL ZN SPEED VIOLATION,50.0,50.0,50.0,399876,0.13404537971579603,0.05042882732549664,1,0.0
5324810,KEJ4199,NY,PAS,36,1,Bronx,PHTO SCHOOL ZN SPEED VIOLATION,50.0,50.0,50.0,409868,0.1373948716435942,0.05168892691271061,1,1.0
5156079,KBD3410,NC,PAS,36,1,Staten Island,PHTO SCHOOL ZN SPEED VIOLATION,50.0,50.0,50.0,419863,0.14074536922349243,0.05294940483246678,1,0.0
5170377,KBP7167,NY,PAS,36,1,Bronx,PHTO SCHOOL ZN SPEED VIOLATION,50.0,50.0,50.0,429855,0.14409486115129064,0.05420950441968076,1,0.0
4543750,JHJ4207,NY,PAS,36,1,Queens,PHTO SCHOOL ZN SPEED VIOLATION,50.0,50.0,50.0,439850,0.14744535873118886,0.05546998233943693,1,0.0
4450113,JFK1903,NC,PAS,36,1,Brooklyn,PHTO SCHOOL ZN SPEED VIOLATION,50.0,50.0,50.0,449844,0.1507955210937204,0.056730334148345704,1,0.0
4480634,JGA3130,NY,PAS,36,1,Queens,PHTO SCHOOL ZN SPEED VIOLATION,50.0,50.0,50.0,459839,0.15414601867361863,0.057990812068101874,1,0.0
4785405,JMR6040,NY,PAS,36,1,Queens,PHTO SCHOOL ZN SPEED VIOLATION,50.0,50.0,50.0,469831,0.15749551060141684,0.05925091165531585,1,0.0
4686638,JLA4277,NY,PAS,36,1,Brooklyn,PHTO SCHOOL ZN SPEED VIOLATION,50.0,50.0,50.0,479825,0.1608456729639484,0.06051126346422462,1,2.0
4748123,JMC8024,NY,PAS,36,1,Brooklyn,PHTO SCHOOL ZN SPEED VIOLATION,50.0,50.0,50.0,489816,0.1641948296743799,0.061771236940591195,1,0.0
10033259,RA414,RI,PAS,36,1,Queens,PHTO SCHOOL ZN SPEED VIOLATION,50.0,50.0,50.0,499808,0.1675443216021781,0.06303133652780517,1,0.0
10150260,S28PHV,NJ,PAS,36,1,Brooklyn,PHTO SCHOOL ZN SPEED VIOLATION,50.0,50.0,50.0,509800,0.17089381352997632,0.06429143611501914,1,0.0
10028484,R925DH,NY,PAS,36,1,Queens,PHTO SCHOOL ZN SPEED VIOLATION,50.0,50.0,50.0,519792,0.1742433054577745,0.06555153570223313,1,0.0
10338402,T130222C,NY,OMT,36,1,Manhattan,PHTO SCHOOL ZN SPEED VIOLATION,50.0,50.0,50.0,529783,0.17759246216820604,0.0668115091785997,1,0.0
10416783,T668673C,NY,OMT,36,1,Queens,PHTO SCHOOL ZN SPEED VIOLATION,50.0,50.0,50.0,539774,0.18094161887863758,0.06807148265496626,1,0.0
10264075,T107996C,NY,OMT,36,1,Queens,PHTO SCHOOL ZN SPEED VIOLATION,50.0,50.0,50.0,549762,0.18428976993696908,0.06933107779879065,1,0.0
9717390,MKM5494,PA,PAS,36,1,Brooklyn,PHTO SCHOOL ZN SPEED VIOLATION,50.0,50.0,50.0,559750,0.18763792099530058,0.07059067294261502,1,0.0
9733213,MLL1586,PA,PAS,36,1,Queens,PHTO SCHOOL ZN SPEED VIOLATION,50.0,50.0,50.0,569738,0.1909860720536321,0.0718502680864394,1,0.0
9656599,MGG7022,PA,PAS,36,1,Brooklyn,PHTO SCHOOL ZN SPEED VIOLATION,50.0,50.0,50.0,579724,0.19433355267723026,0.07310961100856898,1,0.0
9896721,P64MWF,NJ,PAS,36,1,Brooklyn,PHTO SCHOOL ZN SPEED VIOLATION,50.0,50.0,50.0,589710,0.19768103330082842,0.07436895393069856,1,0.0
9907640,P84RZM,NJ,PAS,36,1,Bronx,PHTO SCHOOL ZN SPEED VIOLATION,50.0,50.0,50.0,599696,0.20102851392442658,0.07562829685282814,1,1.0
9789662,N31MNL,NJ,PAS,36,1,Brooklyn,PHTO SCHOOL ZN SPEED VIOLATION,50.0,50.0,50.0,609681,0.20437565933065807,0.07688751366411031,1,0.0
11025653,X81RWX,NJ,PAS,36,1,Manhattan,PHTO SCHOOL ZN SPEED VIOLATION,50.0,50.0,50.0,619664,0.20772213430215622,0.0781464782536977,1,0.0
11150214,XNUA70,NJ,PAS,36,1,Brooklyn,PHTO SCHOOL ZN SPEED VIOLATION,50.0,50.0,50.0,629647,0.21106860927365437,0.07940544284328507,1,1.0
10945113,W50AGD,NJ,PAS,36,1,Brooklyn,PHTO SCHOOL ZN SPEED VIOLATION,50.0,50.0,50.0,639629,0.21441474902778584,0.08066428132202506,1,0.0
11302775,Z61PPT,NJ,PAS,36,1,Brooklyn,PHTO SCHOOL ZN SPEED VIOLATION,50.0,50.0,50.0,649609,0.21776021834718395,0.08192286757907025,1,0.0
11369564,ZXR5154,PA,PAS,36,1,Manhattan,PHTO SCHOOL ZN SPEED VIOLATION,50.0,50.0,50.0,659588,0.22110535244921542,0.08318132772526803,1,0.0
11172883,XW564A,NJ,PAS,36,1,Brooklyn,PHTO SCHOOL ZN SPEED VIOLATION,50.0,50.0,50.0,669566,0.2244501513338802,0.0844396617606184,1,0.0
11247269,Y76KSY,NJ,PAS,36,1,Staten Island,PHTO SCHOOL ZN SPEED VIOLATION,50.0,50.0,50.0,679543,0.22779461500117829,0.08569786968512139,1,0.0
10754270,TUK6976,VA,PAS,36,1,Brooklyn,PHTO SCHOOL ZN SPEED VIOLATION,50.0,50.0,50.0,689515,0.23113740258164303,0.08695544705538738,1,0.0
10491073,T725470C,NY,OMT,36,1,Brooklyn,PHTO SCHOOL ZN SPEED VIOLATION,50.0,50.0,50.0,699489,0.23448086059684112,0.08821327664734817,1,0.0
10630641,T800937C,NY,OMT,36,1,Queens,PHTO SCHOOL ZN SPEED VIOLATION,50.0,50.0,50.0,709460,0.23782331295993916,0.08947072790676676,1,0.0
10920228,VXE834,SC,PAS,36,1,Brooklyn,PHTO SCHOOL ZN SPEED VIOLATION,50.0,50.0,50.0,719431,0.24116576532303724,0.09072817916618535,1,0.0
10804641,U68UMF,NJ,PAS,36,1,Bronx,PHTO SCHOOL ZN SPEED VIOLATION,50.0,50.0,50.0,729400,0.24450754725140197,0.09198537820390913,1,0.0
10812215,U83NYR,NJ,PAS,36,1,Queens,PHTO SCHOOL ZN SPEED VIOLATION,50.0,50.0,50.0,739367,0.24784865874503334,0.09324232501993812,1,0.0
8333763,LDP1403,NY,PAS,36,1,Queens,PHTO SCHOOL ZN SPEED VIOLATION,50.0,50.0,50.0,749328,0.25118775893446466,0.09449851517088272,1,0.0
8201917,LCY4007,NY,PAS,36,1,Queens,PHTO SCHOOL ZN SPEED VIOLATION,50.0,50.0,50.0,759289,0.254526859123896,0.09575470532182731,1,0.0
8242719,LDD6355,NY,PAS,36,1,Queens,PHTO SCHOOL ZN SPEED VIOLATION,50.0,50.0,50.0,769245,0.25786428322649396,0.09701026491853491,1,2.0
8626605,LFP2285,NY,PAS,36,1,Queens,PHTO SCHOOL ZN SPEED VIOLATION,50.0,50.0,50.0,779200,0.2612013721117253,0.09826569840439511,1,0.0
8509639,LEN8253,NY,PAS,36,1,Bronx,PHTO SCHOOL ZN SPEED VIOLATION,50.0,50.0,50.0,789155,0.26453846099695655,0.09952113189025531,1,0.0
8582486,LFC4445,NY,PAS,36,1,Staten Island,PHTO SCHOOL ZN SPEED VIOLATION,50.0,50.0,50.0,799108,0.26787487944745453,0.10077631315442072,1,0.0
7707136,LAF6496,NY,PAS,36,1,Bronx,PHTO SCHOOL ZN SPEED VIOLATION,50.0,50.0,50.0,809060,0.2712109626805858,0.10203136830773872,1,1.0
7803434,LASNKYS,CT,PAS,36,1,Queens,PHTO SCHOOL ZN SPEED VIOLATION,50.0,50.0,50.0,819004,0.2745443641747837,0.10328541457427752,1,0.0
7696840,LAE3729,NY,PAS,36,1,Staten Island,PHTO SCHOOL ZN SPEED VIOLATION,50.0,50.0,50.0,828951,0.2778787713210816,0.10453983917335853,1,0.0
8023658,LBZ4936,NY,PAS,36,1,Queens,PHTO SCHOOL ZN SPEED VIOLATION,50.0,50.0,50.0,838893,0.28121150238054615,0.10579363321820254,1,0.0
8124101,LCK6501,NY,PAS,36,1,Queens,PHTO SCHOOL ZN SPEED VIOLATION,50.0,50.0,50.0,848828,0.28454188691844395,0.10704654448711474,1,0.0
7989351,LBT8178,NY,PAS,36,1,Manhattan,PHTO SCHOOL ZN SPEED VIOLATION,50.0,50.0,50.0,858761,0.28787160102160847,0.10829920353433216,1,0.0
9343098,LNL4820,NY,PAS,36,1,Queens,PHTO SCHOOL ZN SPEED VIOLATION,50.0,50.0,50.0,868697,0.29120232077687297,0.10955224091409178,1,1.0
9355777,LNV4603,NY,PAS,36,1,Bronx,PHTO SCHOOL ZN SPEED VIOLATION,50.0,50.0,50.0,878626,0.29453069401057075,0.1108043955179196,1,1.0
9219508,LLE3031,NY,PAS,36,1,Brooklyn,PHTO SCHOOL ZN SPEED VIOLATION,50.0,50.0,50.0,888553,0.2978583968095352,0.11205629790005261,1,1.0
9529990,M16KVC,NJ,PAS,36,1,Brooklyn,PHTO SCHOOL ZN SPEED VIOLATION,50.0,50.0,50.0,898479,0.301185764391133,0.11330807417133823,1,0.0
9537642,M30RNU,NJ,PAS,36,1,Brooklyn,PHTO SCHOOL ZN SPEED VIOLATION,50.0,50.0,50.0,908404,0.3045127967553641,0.11455972433177646,1,0.0
9417040,LRB7475,NY,PAS,36,1,Queens,PHTO SCHOOL ZN SPEED VIOLATION,50.0,50.0,50.0,918326,0.30783882346749514,0.11581099615967247,1,0.0
8896383,LHN2263,NY,PAS,36,1,Queens,PHTO SCHOOL ZN SPEED VIOLATION,50.0,50.0,50.0,928244,0.3111635093101595,0.1170617635441789,1,0.0
8962057,LJB3817,NY,PAS,36,1,Queens,PHTO SCHOOL ZN SPEED VIOLATION,50.0,50.0,50.0,938155,0.3144858486312572,0.11831164815275352,1,0.0
8722800,LGG4684,NY,PAS,36,1,Queens,PHTO SCHOOL ZN SPEED VIOLATION,50.0,50.0,50.0,948060,0.31780617664815486,0.11956077609624376,1,0.0
8810350,LGY5714,NY,PAS,36,1,Brooklyn,PHTO SCHOOL ZN SPEED VIOLATION,50.0,50.0,50.0,957967,0.32112717509978583,0.1208101562614288,1,0.0
9181532,LKW8331,NY,PAS,36,1,Queens,PHTO SCHOOL ZN SPEED VIOLATION,50.0,50.0,50.0,967868,0.3244461622472168,0.12205877976152943,1,0.0
8988636,LJF3104,NY,PAS,36,1,Brooklyn,PHTO SCHOOL ZN SPEED VIOLATION,50.0,50.0,50.0,977761,0.3277624676557143,0.12330639437485087,1,0.0
9059078,LJU2900,NY,PAS,36,1,Queens,PHTO SCHOOL ZN SPEED VIOLATION,50.0,50.0,50.0,987655,0.33107910828157855,0.12455413509901972,1,0.0
1827108,BK88957,CT,PAS,36,1,Queens,PHTO SCHOOL ZN SPEED VIOLATION,50.0,50.0,50.0,997545,0.3343944080379761,0.12580137137979897,1,0.0
1844095,BL64744,CT,PAS,36,1,Brooklyn,PHTO SCHOOL ZN SPEED VIOLATION,50.0,50.0,50.0,1007431,0.33770836692490697,0.1270481032171886,1,0.0
2895713,G55JSU,NJ,PAS,36,1,Queens,PHTO SCHOOL ZN SPEED VIOLATION,50.0,50.0,50.0,1017313,0.3410209849423711,0.12829433061118867,1,0.0
1795655,BHN1555,NY,PAS,36,1,Manhattan,PHTO SCHOOL ZN SPEED VIOLATION,50.0,50.0,50.0,1027190,0.3443319268730019,0.12953992745095172,1,0.0
1916132,BR56465,CT,PAS,36,1,Queens,PHTO SCHOOL ZN SPEED VIOLATION,50.0,50.0,50.0,1037063,0.347641527934166,0.13078501984732516,1,0.0
493230,38WZ30,MA,PAS,36,1,Brooklyn,PHTO SCHOOL ZN SPEED VIOLATION,50.0,50.0,50.0,1046930,0.3509491176911301,0.13202935557861423,1,0.0
2787215,FPS3718,NY,PAS,36,1,Bronx,PHTO SCHOOL ZN SPEED VIOLATION,50.0,50.0,50.0,1056793,0.35425536657862744,0.13327318686651368,1,0.0
2765600,FMX1478,NY,PAS,36,1,Queens,PHTO SCHOOL ZN SPEED VIOLATION,50.0,50.0,50.0,1066651,0.3575599393792914,0.13451638760017615,1,0.0
3017119,GGJ6863,NY,PAS,36,1,Queens,PHTO SCHOOL ZN SPEED VIOLATION,50.0,50.0,50.0,1076503,0.3608625008757554,0.13575883166875422,1,0.0
1685030,BA33464,CT,PAS,36,1,Manhattan,PHTO SCHOOL ZN SPEED VIOLATION,50.0,50.0,50.0,1086350,0.36416338628538597,0.1370006451830953,1,0.0
1599658,AX36163,CT,PAS,36,1,Brooklyn,PHTO SCHOOL ZN SPEED VIOLATION,50.0,50.0,50.0,1096191,0.36746226039081653,0.13824170203235198,1,0.0
1620546,AY854H,NJ,PAS,36,1,Queens,PHTO SCHOOL ZN SPEED VIOLATION,50.0,50.0,50.0,1106026,0.370759123192047,0.13948200221652426,1,0.0
2934808,GBE5609,NY,PAS,36,1,Brooklyn,PHTO SCHOOL ZN SPEED VIOLATION,50.0,50.0,50.0,1115855,0.37405397468907753,0.14072154573561213,1,0.0
1768839,BG43575,CT,PAS,36,1,Bronx,PHTO SCHOOL ZN SPEED VIOLATION,50.0,50.0,50.0,1125677,0.37734647966454127,0.14196020647876822,1,0.0
1702040,BB43655,CT,PAS,36,1,Brooklyn,PHTO SCHOOL ZN SPEED VIOLATION,50.0,50.0,50.0,1135494,0.3806373085531717,0.14319823666768733,1,0.0
1693999,BALALERT,NY,SRF,36,1,Bronx,PHTO SCHOOL ZN SPEED VIOLATION,50.0,50.0,50.0,1145302,0.38392512048550204,0.14443513185897983,1,0.0
2962687,GDE4261,NY,PAS,36,1,Brooklyn,PHTO SCHOOL ZN SPEED VIOLATION,50.0,50.0,50.0,1155105,0.387211256330999,0.14567139649603533,1,0.0
2492382,EJK8432,NY,PAS,36,1,Queens,PHTO SCHOOL ZN SPEED VIOLATION,50.0,50.0,50.0,1164902,0.3904953808722959,0.14690690446800644,1,1.0
2464778,EF65756,IL,PAS,36,1,Brooklyn,PHTO SCHOOL ZN SPEED VIOLATION,50.0,50.0,50.0,1174692,0.39377715889202614,0.14814152966404576,1,0.0
2179884,D390CF,NY,PAS,36,1,Brooklyn,PHTO SCHOOL ZN SPEED VIOLATION,50.0,50.0,50.0,1184475,0.39705659039018965,0.14937527208415327,1,3.0
2196386,D69RZC,NJ,PAS,36,1,Brooklyn,PHTO SCHOOL ZN SPEED VIOLATION,50.0,50.0,50.0,1194251,0.40033367536678643,0.150608131728329,1,0.0
2407098,E69SEL,NJ,PAS,36,1,Brooklyn,PHTO SCHOOL ZN SPEED VIOLATION,50.0,50.0,50.0,1204019,0.40360807860444986,0.1518399824857255,1,0.0
323939,28SN28,NY,MOT,36,1,Queens,PHTO SCHOOL ZN SPEED VIOLATION,50.0,50.0,50.0,1213780,0.40688013532054657,0.15307095046719024,1,0.0
2273051,DKH9955,NY,PAS,36,1,Brooklyn,PHTO SCHOOL ZN SPEED VIOLATION,50.0,50.0,50.0,1223533,0.4101495102977099,0.15430090956187578,1,1.0
2316383,DSC5966,NY,PAS,36,1,Bronx,PHTO SCHOOL ZN SPEED VIOLATION,50.0,50.0,50.0,1233277,0.41341586831857313,0.15552973365893472,1,0.0
2037915,CCB7368,WA,PAS,36,1,Manhattan,PHTO SCHOOL ZN SPEED VIOLATION,50.0,50.0,50.0,1243014,0.4166798798178697,0.15675767498006188,1,1.0
440398,344AWA,NY,ORG,36,1,Queens,PHTO SCHOOL ZN SPEED VIOLATION,50.0,50.0,50.0,1252742,0.4199408743608662,0.15798448130356244,1,0.0
1992403,C40NEJ,NJ,PAS,36,1,Brooklyn,PHTO SCHOOL ZN SPEED VIOLATION,50.0,50.0,50.0,1262461,0.4231988519475626,0.15921015262943639,1,0.0
2010220,C70PSY,NJ,PAS,36,1,Queens,PHTO SCHOOL ZN SPEED VIOLATION,50.0,50.0,50.0,1272172,0.42645414779532564,0.16043481506853116,1,0.0
2137371,CWF3599,NY,PAS,36,1,Queens,PHTO SCHOOL ZN SPEED VIOLATION,50.0,50.0,50.0,1281874,0.42970642668678866,0.16165834250999933,1,0.0
2550608,ESK4997,NY,PAS,36,1,Brooklyn,PHTO SCHOOL ZN SPEED VIOLATION,50.0,50.0,50.0,1291566,0.4329553534045849,0.16288060884299352,1,0.0
2558151,ETE9245,NY,PAS,36,1,Queens,PHTO SCHOOL ZN SPEED VIOLATION,50.0,50.0,50.0,1301249,0.4362012631660811,0.1641017401783611,1,0.0
2073900,CJH1764,GA,PAS,36,1,Staten Island,PHTO SCHOOL ZN SPEED VIOLATION,50.0,50.0,50.0,1310923,0.43944415597127723,0.16532173651610207,1,0.0
2597463,EWS7114,NY,PAS,36,1,Brooklyn,PHTO SCHOOL ZN SPEED VIOLATION,50.0,50.0,50.0,1320586,0.44268336138543996,0.1665403456345217,1,0.0
1287028,95645NE,NY,COM,36,1,Staten Island,PHTO SCHOOL ZN SPEED VIOLATION,50.0,50.0,50.0,1330240,0.4459195498433026,0.1677578197553147,1,0.0
608708,45BSYH,FL,PAS,36,1,Queens,PHTO SCHOOL ZN SPEED VIOLATION,50.0,50.0,50.0,1339882,0.44915171569276524,0.1689737805459389,1,0.0
3275282,GWC1433,NY,PAS,36,1,Queens,PHTO SCHOOL ZN SPEED VIOLATION,50.0,50.0,50.0,1349514,0.4523805293685611,0.17018848022808913,1,0.0
780486,57KJI,FL,PAS,36,1,Queens,PHTO SCHOOL ZN SPEED VIOLATION,50.0,50.0,50.0,1359136,0.45560599087069026,0.17140191880176536,1,0.0
1389556,A54SXZ,NJ,PAS,36,1,Queens,PHTO SCHOOL ZN SPEED VIOLATION,50.0,50.0,50.0,1368748,0.45882810019915266,0.17261409626696758,1,0.0
1347286,9EG8218,MD,PAS,36,1,Queens,PHTO SCHOOL ZN SPEED VIOLATION,50.0,50.0,50.0,1378348,0.46204618691921495,0.17382476040200104,1,0.0
1361560,9PT760,NY,PAS,36,1,Bronx,PHTO SCHOOL ZN SPEED VIOLATION,50.0,50.0,50.0,1387938,0.46526092146561054,0.17503416342856049,1,0.0
3423784,HAH3169,NC,PAS,36,1,Queens,PHTO SCHOOL ZN SPEED VIOLATION,50.0,50.0,50.0,1397516,0.4684716334036061,0.17624205312495114,1,0.0
976671,71YA19,MA,PAS,36,1,Queens,PHTO SCHOOL ZN SPEED VIOLATION,50.0,50.0,50.0,1407082,0.4716783227332015,0.177448429491173,1,0.0
3411193,H86RLP,NJ,PAS,36,1,Queens,PHTO SCHOOL ZN SPEED VIOLATION,50.0,50.0,50.0,1416636,0.4748809894543969,0.17865329252722606,1,2.0
3326564,GYH5261,NY,PAS,36,1,Bronx,PHTO SCHOOL ZN SPEED VIOLATION,50.0,50.0,50.0,1426178,0.47807963356719213,0.17985664223311035,1,0.0
1204406,8EX8127,MD,PAS,36,1,Brooklyn,PHTO SCHOOL ZN SPEED VIOLATION,50.0,50.0,50.0,1435708,0.48127425507158733,0.18105847860882585,1,0.0
927245,691BN0,NY,MOT,36,1,Bronx,PHTO SCHOOL ZN SPEED VIOLATION,50.0,50.0,50.0,1445224,0.48446418353284915,0.18225854943267775,1,0.0
3154833,GPN1085,NY,PAS,36,1,Brooklyn,PHTO SCHOOL ZN SPEED VIOLATION,50.0,50.0,50.0,1454728,0.4876500893857108,0.18345710692636086,1,0.0
3109555,GMG2180,NY,PAS,36,1,Bronx,PHTO SCHOOL ZN SPEED VIOLATION,50.0,50.0,50.0,1464219,0.4908316374128058,0.18465402497902778,1,0.0
3168772,GRC4004,NY,PAS,36,1,Queens,PHTO SCHOOL ZN SPEED VIOLATION,50.0,50.0,50.0,1473696,0.4940084923967673,0.1858491774798311,1,0.0
1508790,AM28229,CT,PAS,36,1,Queens,PHTO SCHOOL ZN SPEED VIOLATION,50.0,50.0,50.0,1483160,0.4971809895549621,0.18704269053961822,1,0.0
3127143,GNC5182,NY,PAS,36,1,Queens,PHTO SCHOOL ZN SPEED VIOLATION,50.0,50.0,50.0,1492610,0.5003487936700234,0.18823443804754178,1,0.0
3135390,GNN9303,NY,PAS,36,1,Brooklyn,PHTO SCHOOL ZN SPEED VIOLATION,50.0,50.0,50.0,1502046,0.5035119047419514,0.1894244200036017,1,0.0
659252,4EZM25,MA,PAS,36,1,Brooklyn,PHTO SCHOOL ZN SPEED VIOLATION,50.0,50.0,50.0,1511467,0.5066699875533792,0.1906125102969507,1,0.0
3512632,HDT7878,NY,PAS,36,1,Queens,PHTO SCHOOL ZN SPEED VIOLATION,50.0,50.0,50.0,1520874,0.5098233773216736,0.19179883503843606,1,0.0
1572678,AU751L,NJ,PAS,36,1,Queens,PHTO SCHOOL ZN SPEED VIOLATION,50.0,50.0,50.0,1530266,0.5129717388294679,0.19298326811721045,1,0.0
15979,05DECC,FL,PAS,36,1,Manhattan,PHTO SCHOOL ZN SPEED VIOLATION,50.0,50.0,50.0,1539642,0.5161147368593955,0.19416568342242643,1,0.0
7631727,L35STU,NJ,PAS,36,2,Manhattan,PHTO SCHOOL ZN SPEED VIOLATION,50.0,50.0,100.0,1548999,0.5192513657593562,0.1962056524899578,1-5,0.0
6762654,KVD5625,NY,PAS,36,2,Staten Island,PHTO SCHOOL ZN SPEED VIOLATION,50.0,50.0,100.0,1558345,0.5223843072682836,0.19856291644954582,1-5,0.0
7573656,KZW5229,NY,PAS,36,2,Queens,PHTO SCHOOL ZN SPEED VIOLATION,50.0,50.0,100.0,1567675,0.5255118852993441,0.2009161448620171,1-5,0.0
10453275,T697905C,NY,OMT,36,2,Manhattan,PHTO SCHOOL ZN SPEED VIOLATION,50.0,50.0,100.0,1576986,0.5286330942004379,0.20326458106228715,1-5,2.0
7022438,KXB2936,NY,PAS,36,2,Queens,PHTO SCHOOL ZN SPEED VIOLATION,50.0,50.0,100.0,1586281,0.5317489396236649,0.20560898171544045,1-5,0.0
815749,5GG9083,MD,PAS,36,2,Manhattan,PHTO SCHOOL ZN SPEED VIOLATION,50.0,50.0,100.0,1595559,0.5348590863516585,0.20794909459978217,1-5,0.0
2253483,DGK9908,NY,PAS,36,2,Queens,PHTO SCHOOL ZN SPEED VIOLATION,50.0,50.0,100.0,1604821,0.5379638696017852,0.21028517193700713,1-5,1.0
10188988,SAABJI,NY,OMT,36,2,Brooklyn,PHTO SCHOOL ZN SPEED VIOLATION,50.0,50.0,100.0,1614065,0.541062618939312,0.2126167092837257,1-5,0.0
7353637,KYY2923,NY,PAS,36,2,Brooklyn,PHTO SCHOOL ZN SPEED VIOLATION,50.0,50.0,100.0,1623293,0.5441560047989719,0.21494421108332748,1-5,1.0
6877910,KVX6415,NY,PAS,36,2,Staten Island,PHTO SCHOOL ZN SPEED VIOLATION,50.0,50.0,100.0,1632502,0.5472430215286649,0.21726692067072811,1-5,1.0
10533840,T751976C,NY,OMT,36,2,Brooklyn,PHTO SCHOOL ZN SPEED VIOLATION,50.0,50.0,100.0,1641694,0.5503243395631247,0.21958534248931716,1-5,3.0
849065,6193ZX,ME,PAS,36,2,Brooklyn,PHTO SCHOOL ZN SPEED VIOLATION,50.0,50.0,100.0,1650863,0.5533979475981508,0.22189796320892582,1-5,0.0
8583016,LFC4787,NY,PAS,36,2,Staten Island,PHTO SCHOOL ZN SPEED VIOLATION,50.0,50.0,100.0,1660017,0.5564665273726769,0.22420680060311252,1-5,1.0
8734160,LGH3046,NY,PAS,36,2,Brooklyn,PHTO SCHOOL ZN SPEED VIOLATION,50.0,50.0,100.0,1669152,0.5595287380172362,0.22651084578509803,1-5,1.0
9498067,LXW4680,PA,PAS,36,2,Brooklyn,PHTO SCHOOL ZN SPEED VIOLATION,50.0,50.0,100.0,1678267,0.5625842443144621,0.2288098465331876,1-5,0.0
9513977,LZB6304,PA,PAS,36,2,Bronx,PHTO SCHOOL ZN SPEED VIOLATION,50.0,50.0,100.0,1687365,0.5656340519164544,0.23110455951246556,1-5,0.0
1395236,A65RNB,NJ,PAS,36,2,Brooklyn,PHTO SCHOOL ZN SPEED VIOLATION,50.0,50.0,100.0,1696442,0.5686768199537467,0.23339397583615276,1-5,1.0
9207110,LLC5212,NY,PAS,36,2,Brooklyn,PHTO SCHOOL ZN SPEED VIOLATION,50.0,50.0,100.0,1705500,0.5717132188610722,0.2356785999476388,1-5,0.0
9113980,LKF5342,NY,PAS,36,2,Queens,PHTO SCHOOL ZN SPEED VIOLATION,50.0,50.0,100.0,1714536,0.5747422429863308,0.23795767518183922,1-5,0.0
9278401,LLW9509,NY,PAS,36,2,Queens,PHTO SCHOOL ZN SPEED VIOLATION,50.0,50.0,100.0,1723550,0.5777638923295227,0.2402312015387541,1-5,0.0
8795271,LGW3241,NY,PAS,36,2,Staten Island,PHTO SCHOOL ZN SPEED VIOLATION,50.0,50.0,100.0,1732545,0.5807791725427478,0.24249993568346784,1-5,0.0
1672705,B80PBG,NJ,PAS,36,2,Brooklyn,PHTO SCHOOL ZN SPEED VIOLATION,50.0,50.0,100.0,1741519,0.5837874131912727,0.24476337317259075,1-5,1.0
7893378,LBE6691,NY,PAS,36,2,Queens,PHTO SCHOOL ZN SPEED VIOLATION,50.0,50.0,100.0,1750474,0.5867892847098308,0.24702201844951252,1-5,0.0
9751784,MMW5336,PA,PAS,36,2,Brooklyn,PHTO SCHOOL ZN SPEED VIOLATION,50.0,50.0,100.0,1759405,0.5897831110115888,0.24927461040575913,1-5,0.0
1154090,8630VF,FL,PAS,36,2,Staten Island,PHTO SCHOOL ZN SPEED VIOLATION,50.0,50.0,100.0,1768315,0.5927698977486466,0.25152190570641497,1-5,0.0
7636340,L44NTC,NJ,PAS,36,2,Bronx,PHTO SCHOOL ZN SPEED VIOLATION,50.0,50.0,100.0,1777199,0.595747968834171,0.253762643243006,1-5,0.0
7786186,LAP7875,NY,PAS,36,2,Queens,PHTO SCHOOL ZN SPEED VIOLATION,50.0,50.0,100.0,1786064,0.5987196707897285,0.2559985885673959,1-5,2.0
8249571,LDF0616,PA,PAS,36,2,Brooklyn,PHTO SCHOOL ZN SPEED VIOLATION,50.0,50.0,100.0,1794907,0.6016839979632193,0.2582289850145002,1-5,0.0
1882363,BN76EU,FL,PAS,36,2,Queens,PHTO SCHOOL ZN SPEED VIOLATION,50.0,50.0,100.0,1803724,0.6046396094851765,0.2604528236975398,1-5,2.0
9565977,M8545,PA,PAS,36,2,Brooklyn,PHTO SCHOOL ZN SPEED VIOLATION,50.0,50.0,100.0,1812520,0.6075881814424337,0.26267136572498856,1-5,0.0
8089061,LCG4397,NY,PAS,36,2,Brooklyn,PHTO SCHOOL ZN SPEED VIOLATION,50.0,50.0,100.0,1821294,0.6105293786176239,0.26488435887515177,1-5,0.0
9645016,MFS3318,PA,PAS,36,2,Queens,PHTO SCHOOL ZN SPEED VIOLATION,50.0,50.0,100.0,1830039,0.6134608544891806,0.26709003759616584,1-5,0.0
8138538,LCM2728,NY,PAS,36,2,Queens,PHTO SCHOOL ZN SPEED VIOLATION,50.0,50.0,100.0,1838763,0.6163852907960373,0.2692904196615891,1-5,0.0
5957012,KMB5188,NY,PAS,36,2,Brooklyn,PHTO SCHOOL ZN SPEED VIOLATION,50.0,50.0,100.0,1847463,0.6193016818860938,0.27148474840633724,1-5,0.0
2599854,EWV7821,NY,PAS,36,2,Bronx,PHTO SCHOOL ZN SPEED VIOLATION,50.0,50.0,100.0,1856138,0.6222096925419834,0.2736727716087154,1-5,0.0
5857045,KLB8081,NY,PAS,36,2,Brooklyn,PHTO SCHOOL ZN SPEED VIOLATION,50.0,50.0,100.0,1864787,0.6251089875463396,0.27585423704702877,1-5,0.0
4365232,JDP1064,NY,PAS,36,2,Queens,PHTO SCHOOL ZN SPEED VIOLATION,50.0,50.0,100.0,1873413,0.6280005725512623,0.27802990138636174,1-5,0.0
3306805,GXR1614,NY,PAS,36,2,Queens,PHTO SCHOOL ZN SPEED VIOLATION,50.0,50.0,100.0,1882012,0.6308831066872848,0.28019875573993525,1-5,0.0
5357099,KER3880,NY,PAS,36,2,Queens,PHTO SCHOOL ZN SPEED VIOLATION,50.0,50.0,100.0,1890586,0.6337572603891405,0.2823613045511387,1-5,0.0
248976,23222NC,NY,COM,36,2,Queens,PHTO SCHOOL ZN SPEED VIOLATION,50.0,50.0,100.0,1899133,0.6366223632220959,0.2845170433765826,1-5,0.0
6081585,KNC5086,NY,PAS,36,2,Queens,PHTO SCHOOL ZN SPEED VIOLATION,50.0,50.0,100.0,1907653,0.6394784151861512,0.286665972216267,1-5,0.0
3109914,GMG7092,NY,PAS,36,2,Brooklyn,PHTO SCHOOL ZN SPEED VIOLATION,50.0,50.0,100.0,1916146,0.6423254162813063,0.2888080910701918,1-5,1.0
5703081,KJL6326,NY,PAS,36,2,Bronx,PHTO SCHOOL ZN SPEED VIOLATION,50.0,50.0,100.0,1924610,0.645162696072828,0.29094289549496744,1-5,0.0
3122764,GMW9187,NY,PAS,36,2,Queens,PHTO SCHOOL ZN SPEED VIOLATION,50.0,50.0,100.0,1933048,0.6479912602128161,0.2930711421556783,1-5,2.0
4704134,JLG7936,NY,PAS,36,2,Brooklyn,PHTO SCHOOL ZN SPEED VIOLATION,50.0,50.0,100.0,1941459,0.650810773483904,0.2951925788306296,1-5,0.0
5621201,KHR4659,NY,PAS,36,2,Bronx,PHTO SCHOOL ZN SPEED VIOLATION,50.0,50.0,100.0,1949844,0.6536215711034584,0.2973074577415161,1-5,0.0
11217770,Y21MPK,NJ,PAS,36,2,Manhattan,PHTO SCHOOL ZN SPEED VIOLATION,50.0,50.0,100.0,1958202,0.6564233178541128,0.2994155266666431,1-5,0.0
5822412,KKT3830,NY,PAS,36,2,Staten Island,PHTO SCHOOL ZN SPEED VIOLATION,50.0,50.0,100.0,1966530,0.6592150080837668,0.30151602894092616,1-5,1.0
11021840,X74RKD,NJ,PAS,36,2,Bronx,PHTO SCHOOL ZN SPEED VIOLATION,50.0,50.0,100.0,1974830,0.661997312227154,0.3036094690077548,1-5,0.0
5492088,KGF8384,NY,PAS,36,2,Queens,PHTO SCHOOL ZN SPEED VIOLATION,50.0,50.0,100.0,1983100,0.664769559849541,0.3056953424237395,1-5,0.0
3771203,HNN2675,NY,PAS,36,2,Bronx,PHTO SCHOOL ZN SPEED VIOLATION,50.0,50.0,100.0,1991340,0.6675317509509279,0.3077736491888802,1-5,0.0
2928187,GAU9333,NY,PAS,36,2,Brooklyn,PHTO SCHOOL ZN SPEED VIOLATION,50.0,50.0,100.0,1999552,0.6702845559660479,0.30984489374656665,1-5,0.0
3743984,HMR6474,NY,PAS,36,2,Brooklyn,PHTO SCHOOL ZN SPEED VIOLATION,50.0,50.0,100.0,2007734,0.6730273044601677,0.3119085716534091,1-5,0.0
3451318,HBJ3491,NY,PAS,36,2,Manhattan,PHTO SCHOOL ZN SPEED VIOLATION,50.0,50.0,100.0,2015888,0.6757606668680206,0.3139651873527971,1-5,0.0
3826120,HRE4361,NY,PAS,36,2,Bronx,PHTO SCHOOL ZN SPEED VIOLATION,50.0,50.0,100.0,2024011,0.6784836375375066,0.31601398417964643,1-5,0.0
5188708,KBU3124,NY,OMS,36,2,Queens,PHTO SCHOOL ZN SPEED VIOLATION,50.0,50.0,100.0,2032103,0.6811962164686258,0.31805496213395695,1-5,0.0
2368437,DZA5344,NY,PAS,36,2,Brooklyn,PHTO SCHOOL ZN SPEED VIOLATION,50.0,50.0,100.0,2040165,0.6838987388787449,0.3200883734374235,1-5,0.0
6593399,KTN6413,PA,PAS,36,2,Brooklyn,PHTO SCHOOL ZN SPEED VIOLATION,50.0,50.0,100.0,2048194,0.6865901991157636,0.3221134614249618,1-5,0.0
6626351,KTU9634,NY,PAS,36,2,Queens,PHTO SCHOOL ZN SPEED VIOLATION,50.0,50.0,100.0,2056193,0.6892716028317822,0.32413098276165603,1-5,0.0
3677168,HKN8478,NY,PAS,36,2,Bronx,PHTO SCHOOL ZN SPEED VIOLATION,50.0,50.0,100.0,2064162,0.6919429500268006,0.3261409374475064,1-5,0.0
6256014,KPS2273,NY,PAS,36,2,Queens,PHTO SCHOOL ZN SPEED VIOLATION,50.0,50.0,100.0,2072096,0.6946025646139855,0.3281420643740387,1-5,0.0
3986003,HVV2661,NY,PAS,36,2,Queens,PHTO SCHOOL ZN SPEED VIOLATION,50.0,50.0,100.0,2080001,0.6972524578975368,0.33013587687142193,1-5,0.0
2542478,ERK4196,NY,PAS,36,2,Bronx,PHTO SCHOOL ZN SPEED VIOLATION,50.0,50.0,100.0,2087874,0.6998916242253546,0.33212161827457154,1-5,0.0
57029,120XFN,KY,PAS,36,2,Queens,PHTO SCHOOL ZN SPEED VIOLATION,50.0,50.0,100.0,2095715,0.7025200635974388,0.33409928858348764,1-5,0.0
5290365,KDX6991,NY,PAS,36,2,Brooklyn,PHTO SCHOOL ZN SPEED VIOLATION,50.0,50.0,100.0,2103521,0.7051367703616895,0.3360681311330858,1-5,0.0
3869506,HSL4363,NY,PAS,36,2,Queens,PHTO SCHOOL ZN SPEED VIOLATION,50.0,50.0,100.0,2111295,0.7077427501702066,0.33802890258845036,1-5,0.0
3941777,HUS1210,NY,PAS,36,2,Brooklyn,PHTO SCHOOL ZN SPEED VIOLATION,50.0,50.0,100.0,2119037,0.7103380030229902,0.3399816029495814,1-5,0.0
1629746,AZ71781,CT,PAS,36,3,Queens,PHTO SCHOOL ZN SPEED VIOLATION,50.0,50.0,150.0,2126743,0.7129211880505736,0.3425984030331172,1-5,0.0
8744364,LGK1806,NY,PAS,36,3,Brooklyn,PHTO SCHOOL ZN SPEED VIOLATION,50.0,50.0,150.0,2134417,0.7154936461224234,0.3455017269619443,1-5,1.0
9020065,LJL6920,NY,OMS,36,3,Brooklyn,PHTO SCHOOL ZN SPEED VIOLATION,50.0,50.0,150.0,2142055,0.718054036369073,0.34839143091925223,1-5,0.0
8669111,LFY4327,NY,PAS,36,3,Queens,PHTO SCHOOL ZN SPEED VIOLATION,50.0,50.0,150.0,2149662,0.7206040348773557,0.351269406567752,1-5,1.0
11170023,XQA625,CO,PAS,36,3,Brooklyn,PHTO SCHOOL ZN SPEED VIOLATION,50.0,50.0,150.0,2157233,0.7231419655604382,0.35413376224473275,1-5,1.0
3419329,HAA5954,NY,PAS,36,3,Queens,PHTO SCHOOL ZN SPEED VIOLATION,50.0,50.0,150.0,2164769,0.7256681636356871,0.3569848762827365,1-5,0.0
3898829,HTJ4049,NY,PAS,36,3,Staten Island,PHTO SCHOOL ZN SPEED VIOLATION,50.0,50.0,150.0,2172273,0.7281836347552025,0.3598238836793899,1-5,0.0
4123364,HZH9361,NY,PAS,36,3,Brooklyn,PHTO SCHOOL ZN SPEED VIOLATION,50.0,50.0,150.0,2179740,0.730686702832151,0.362648892771982,1-5,0.0
10577591,T776576C,NY,OMT,36,3,Queens,PHTO SCHOOL ZN SPEED VIOLATION,50.0,50.0,150.0,2187175,0.7331790439533659,0.36546179522322375,1-5,0.0
647512,49BIWR,FL,PAS,36,3,Bronx,PHTO SCHOOL ZN SPEED VIOLATION,50.0,50.0,150.0,2194574,0.7356593172493806,0.3682610777029464,1-5,0.0
3643917,HJL5607,NY,PAS,36,3,Brooklyn,PHTO SCHOOL ZN SPEED VIOLATION,50.0,50.0,150.0,2201936,0.7381271875028284,0.37104636187860773,1-5,0.0
10046207,REAP4R,NY,SPO,36,3,Queens,PHTO SCHOOL ZN SPEED VIOLATION,50.0,50.0,150.0,2209265,0.740583995583176,0.3738191610803765,1-5,1.0
798218,59808NC,NY,COM,36,3,Manhattan,PHTO SCHOOL ZN SPEED VIOLATION,50.0,50.0,150.0,2216557,0.7430284006209567,0.37657796197808396,1-5,0.0
3132172,GNJ7641,NY,PAS,36,3,Brooklyn,PHTO SCHOOL ZN SPEED VIOLATION,50.0,50.0,150.0,2223813,0.7454607378335371,0.37932314290427227,1-5,0.0
9340732,LNL2476,NY,PAS,36,3,Queens,PHTO SCHOOL ZN SPEED VIOLATION,50.0,50.0,150.0,2231028,0.7478793311340839,0.3820528121962305,1-5,0.0
4716353,JLM6587,NY,PAS,36,3,Bronx,PHTO SCHOOL ZN SPEED VIOLATION,50.0,50.0,150.0,2238212,0.7502875326962639,0.3847707531793806,1-5,0.0
1545839,ARH8774,NY,PAS,36,3,Staten Island,PHTO SCHOOL ZN SPEED VIOLATION,50.0,50.0,150.0,2245357,0.7526826607811437,0.3874739391933849,1-5,0.0
9578199,MAXATK,NY,SRF,36,3,Staten Island,PHTO SCHOOL ZN SPEED VIOLATION,50.0,50.0,150.0,2252467,0.7550660562581898,0.39016388356841236,1-5,0.0
1239331,91345MN,NY,COM,36,3,Bronx,PHTO SCHOOL ZN SPEED VIOLATION,50.0,50.0,150.0,2259540,0.757437048692669,0.39283982963937847,1-5,2.0
3198322,GSP9388,NY,PAS,36,3,Brooklyn,PHTO SCHOOL ZN SPEED VIOLATION,50.0,50.0,150.0,2266578,0.7597963085193147,0.39550253407136765,1-5,0.0
9507123,LYN2046,PA,PAS,36,3,Queens,PHTO SCHOOL ZN SPEED VIOLATION,50.0,50.0,150.0,2273579,0.7621431653033935,0.3981512401992955,1-5,0.0
2565324,ETW1993,MI,PAS,36,3,Queens,PHTO SCHOOL ZN SPEED VIOLATION,50.0,50.0,150.0,2280541,0.764476948610172,0.4007851913580776,1-5,1.0
6886339,KVZ4888,NY,PAS,36,3,Queens,PHTO SCHOOL ZN SPEED VIOLATION,50.0,50.0,150.0,2287465,0.766797993657017,0.40340476588025626,1-5,0.0
492356,38BGPE,FL,PAS,36,3,Brooklyn,PHTO SCHOOL ZN SPEED VIOLATION,50.0,50.0,150.0,2294347,0.7691049595744617,0.4060084504356625,1-5,0.0
2379882,E16RXS,NJ,PAS,36,3,Brooklyn,PHTO SCHOOL ZN SPEED VIOLATION,50.0,50.0,150.0,2301198,0.7714015337535395,0.4086004066822607,1-5,0.0
2766689,FOP1110,NY,ORG,36,3,Bronx,PHTO SCHOOL ZN SPEED VIOLATION,50.0,50.0,150.0,2308010,0.773685034455317,0.41117760795971314,1-5,1.0
194746,1MT670,RI,PAS,36,3,Brooklyn,PHTO SCHOOL ZN SPEED VIOLATION,50.0,50.0,150.0,2314783,0.7759554616797943,0.41374005426801985,1-5,0.0
7797221,LAS3923,NY,PAS,36,3,Brooklyn,PHTO SCHOOL ZN SPEED VIOLATION,50.0,50.0,150.0,2321520,0.7782138210790714,0.41628888060480745,1-5,0.0
6620746,KTT3774,NY,PAS,36,3,Queens,PHTO SCHOOL ZN SPEED VIOLATION,50.0,50.0,150.0,2328217,0.7804587717836815,0.4188225736399071,1-5,1.0
2058450,CGB2004,NY,PAS,36,3,Queens,PHTO SCHOOL ZN SPEED VIOLATION,50.0,50.0,150.0,2334878,0.7826916546630914,0.42134264670348764,1-5,0.0
7557995,KZU9412,NY,PAS,36,3,Queens,PHTO SCHOOL ZN SPEED VIOLATION,50.0,50.0,150.0,2341500,0.7849114640652011,0.4238479647979225,1-5,0.0
7551008,KZU2667,NY,PAS,36,3,Brooklyn,PHTO SCHOOL ZN SPEED VIOLATION,50.0,50.0,150.0,2348076,0.7871158534684438,0.42633587959541625,1-5,0.0
5731498,KJX6626,NY,PAS,36,3,Queens,PHTO SCHOOL ZN SPEED VIOLATION,50.0,50.0,150.0,2354615,0.7893078398291196,0.4288097960888486,1-5,0.0
8493706,LEN2156,NY,PAS,36,3,Brooklyn,PHTO SCHOOL ZN SPEED VIOLATION,50.0,50.0,150.0,2361118,0.7914877583645952,0.4312700926107619,1-5,0.0
5229718,KDE4158,NY,PAS,36,3,Queens,PHTO SCHOOL ZN SPEED VIOLATION,50.0,50.0,150.0,2367584,0.7936552738575038,0.43371639082861385,1-5,1.0
7028769,KXB7818,NY,PAS,36,3,Queens,PHTO SCHOOL ZN SPEED VIOLATION,50.0,50.0,150.0,2374013,0.7958103863078455,0.4361486907424045,1-5,0.0
8451176,LEH5805,NY,PAS,36,3,Queens,PHTO SCHOOL ZN SPEED VIOLATION,50.0,50.0,150.0,2380403,0.7979524252808871,0.4385662356870494,1-5,0.0
1829444,BKDIVA,FL,PAS,36,3,Brooklyn,PHTO SCHOOL ZN SPEED VIOLATION,50.0,50.0,150.0,2386753,0.8000810555592616,0.44096864733000635,1-5,2.0
6372462,KRV3712,NY,PAS,36,3,Staten Island,PHTO SCHOOL ZN SPEED VIOLATION,50.0,50.0,150.0,2393065,0.8021969475777025,0.44335668233635983,1-5,0.0
2435693,EBJ9776,NY,PAS,36,3,Queens,PHTO SCHOOL ZN SPEED VIOLATION,50.0,50.0,150.0,2399337,0.8042994309014766,0.44572958404102536,1-5,0.0
5404945,KFG9969,NY,PAS,36,3,Brooklyn,PHTO SCHOOL ZN SPEED VIOLATION,50.0,50.0,150.0,2405572,0.8063895111826838,0.4480884874416296,1-5,2.0
5384171,KEW7109,NY,PAS,36,3,Bronx,PHTO SCHOOL ZN SPEED VIOLATION,50.0,50.0,150.0,2411765,0.8084655123344906,0.4504315008754615,1-5,0.0
5850672,KLA7930,NY,PAS,36,4,Brooklyn,PHTO SCHOOL ZN SPEED VIOLATION,50.0,50.0,200.0,2417918,0.8105281047916305,0.4532421333314501,1-5,0.0
3852271,HSB6468,NY,PAS,36,4,Queens,PHTO SCHOOL ZN SPEED VIOLATION,50.0,50.0,200.0,2424034,0.8125782942062036,0.45632730910222696,1-5,0.0
2449401,EDB8462,NC,PAS,36,4,Queens,PHTO SCHOOL ZN SPEED VIOLATION,50.0,50.0,200.0,2430110,0.8146150749261097,0.45939230713741996,1-5,0.0
11000576,X34SNC,NJ,PAS,36,4,Queens,PHTO SCHOOL ZN SPEED VIOLATION,50.0,50.0,200.0,2436147,0.8166387821687155,0.46243763188041864,1-5,0.0
6478859,KSR6672,NY,PAS,36,4,Queens,PHTO SCHOOL ZN SPEED VIOLATION,50.0,50.0,200.0,2442144,0.8186490807166545,0.4654627788878335,1-5,0.0
3345017,GZG6397,NY,PAS,36,4,Queens,PHTO SCHOOL ZN SPEED VIOLATION,50.0,50.0,200.0,2448102,0.8206463057872931,0.468468252603054,1-5,0.0
9731819,MLJ1780,PA,PAS,36,4,Queens,PHTO SCHOOL ZN SPEED VIOLATION,50.0,50.0,200.0,2454020,0.8226301221632649,0.4714535485826906,1-5,2.0
9830399,NDKJ86,FL,PAS,36,4,Bronx,PHTO SCHOOL ZN SPEED VIOLATION,50.0,50.0,200.0,2459897,0.8246001946272031,0.47441816238335377,1-5,1.0
6285902,KPY4874,NY,PAS,36,4,Brooklyn,PHTO SCHOOL ZN SPEED VIOLATION,50.0,50.0,200.0,2465732,0.826556187961741,0.4773615895616538,1-5,0.0
3277134,GWD2677,NY,PAS,36,4,Queens,PHTO SCHOOL ZN SPEED VIOLATION,50.0,50.0,200.0,2471528,0.8284991078189786,0.4802853434477596,1-5,0.0
3865587,HSJ3261,NY,PAS,36,4,Queens,PHTO SCHOOL ZN SPEED VIOLATION,50.0,50.0,200.0,2477285,0.8304289541989159,0.48318942404167103,1-5,0.0
7458288,KZH7992,NY,PAS,36,4,Manhattan,PHTO SCHOOL ZN SPEED VIOLATION,50.0,50.0,200.0,2483001,0.8323450566668198,0.48607282245660904,1-5,0.0
3315585,GXW7394,NY,PAS,36,4,Queens,PHTO SCHOOL ZN SPEED VIOLATION,50.0,50.0,200.0,2488679,0.8342484208747899,0.48893705202274235,1-5,0.0
6353664,KRR4541,NY,PAS,36,4,Brooklyn,PHTO SCHOOL ZN SPEED VIOLATION,50.0,50.0,200.0,2494319,0.8361390468228266,0.4917821127400709,1-5,0.0
4998277,JRT7906,NY,PAS,36,4,Staten Island,PHTO SCHOOL ZN SPEED VIOLATION,50.0,50.0,200.0,2499919,0.8380162640761962,0.4946069957218156,1-5,0.0
2385918,E28SKZ,NJ,PAS,36,4,Brooklyn,PHTO SCHOOL ZN SPEED VIOLATION,50.0,50.0,200.0,2505478,0.8398797374175323,0.4974111965245868,1-5,1.0
1957488,BZS5012,NY,PAS,36,4,Brooklyn,PHTO SCHOOL ZN SPEED VIOLATION,50.0,50.0,200.0,2510995,0.8417291316294682,0.5001942107049949,1-5,0.0
1554134,AS97SI,FL,PAS,36,4,Queens,PHTO SCHOOL ZN SPEED VIOLATION,50.0,50.0,200.0,2516473,0.8435654523641037,0.5029575515932088,1-5,0.0
513431,3DWZ62,MA,PAS,36,4,Brooklyn,PHTO SCHOOL ZN SPEED VIOLATION,50.0,50.0,200.0,2521913,0.8453890348388057,0.5057017236326179,1-5,0.0
8965052,LJB7383,NY,PAS,36,4,Queens,PHTO SCHOOL ZN SPEED VIOLATION,50.0,50.0,200.0,2527314,0.8471995438362074,0.5084262223798327,1-5,0.0
6770023,KVE7837,NY,PAS,36,4,Bronx,PHTO SCHOOL ZN SPEED VIOLATION,50.0,50.0,200.0,2532677,0.8489973145736756,0.5111315522782429,1-5,0.0
8802164,LGX5927,NY,PAS,36,4,Queens,PHTO SCHOOL ZN SPEED VIOLATION,50.0,50.0,200.0,2538000,0.8507816766164769,0.5138167044410692,1-5,2.0
4808786,JNA1527,NY,PAS,36,4,Queens,PHTO SCHOOL ZN SPEED VIOLATION,50.0,50.0,200.0,2543284,0.8525529651819778,0.5164821833117011,1-5,0.0
5769536,KKE7910,NY,PAS,36,4,Bronx,PHTO SCHOOL ZN SPEED VIOLATION,50.0,50.0,200.0,2548528,0.8543108450528119,0.5191274844467492,1-5,1.0
4535198,JHE7148,NY,PAS,36,4,Staten Island,PHTO SCHOOL ZN SPEED VIOLATION,50.0,50.0,200.0,2553730,0.8560546457942456,0.5217515989594341,1-5,0.0
2871804,G11PZA,NJ,PAS,36,4,Queens,PHTO SCHOOL ZN SPEED VIOLATION,50.0,50.0,200.0,2558897,0.8577867139278458,0.5243580579534832,1-5,0.0
11011306,X554EV,NY,PAS,36,4,Staten Island,PHTO SCHOOL ZN SPEED VIOLATION,50.0,50.0,200.0,2564023,0.8595050381494124,0.5269438347685589,1-5,0.0
7780269,LAND08,FL,PAS,36,4,Brooklyn,PHTO SCHOOL ZN SPEED VIOLATION,50.0,50.0,200.0,2569110,0.8612102888936788,0.5295099382914401,1-5,0.0
5057329,JZP6139,OH,PAS,36,4,Staten Island,PHTO SCHOOL ZN SPEED VIOLATION,50.0,50.0,200.0,2574158,0.8629024661606449,0.5320563685221271,1-5,3.0
8473704,LEK5332,NY,PAS,36,4,Manhattan,PHTO SCHOOL ZN SPEED VIOLATION,50.0,50.0,200.0,2579167,0.8645815699503108,0.5345831254606199,1-5,0.0
10544187,T758274C,NY,OMT,36,5,Bronx,PHTO SCHOOL ZN SPEED VIOLATION,50.0,50.0,250.0,2584137,0.8662476002626763,0.5372252738244829,1-5,1.0
2281811,DLV6130,NY,PAS,36,5,Queens,PHTO SCHOOL ZN SPEED VIOLATION,50.0,50.0,250.0,2589068,0.8679005570977417,0.5403345367671131,1-5,0.0
2898895,G61HVJ,NJ,PAS,36,5,Staten Island,PHTO SCHOOL ZN SPEED VIOLATION,50.0,50.0,250.0,2593958,0.8695397700207734,0.5434179469860264,1-5,0.0
6972690,KWS3451,NY,OMS,36,5,Manhattan,PHTO SCHOOL ZN SPEED VIOLATION,50.0,50.0,250.0,2598814,0.8711675855533383,0.5464799183608818,1-5,2.0
5219323,KDB3808,NY,PAS,36,5,Brooklyn,PHTO SCHOOL ZN SPEED VIOLATION,50.0,50.0,250.0,2603629,0.8727816571738696,0.5495160370120203,1-5,0.0
6511328,KSY1491,NY,PAS,36,5,Queens,PHTO SCHOOL ZN SPEED VIOLATION,50.0,50.0,250.0,2608405,0.8743826553171006,0.552527564047916,1-5,0.0
2496938,EJZ5564,NY,PAS,36,5,Queens,PHTO SCHOOL ZN SPEED VIOLATION,50.0,50.0,250.0,2613144,0.8759712504177647,0.5555157605770429,1-5,0.0
7187938,KYD5607,NY,PAS,36,5,Bronx,PHTO SCHOOL ZN SPEED VIOLATION,50.0,50.0,250.0,2617846,0.8775474424758618,0.5584806265994008,1-5,0.0
3740409,HMN3140,NY,PAS,36,5,Staten Island,PHTO SCHOOL ZN SPEED VIOLATION,50.0,50.0,250.0,2622508,0.8791102258392921,0.5614202704522789,1-5,0.0
3656353,HJX8274,NY,PAS,36,5,Queens,PHTO SCHOOL ZN SPEED VIOLATION,50.0,50.0,250.0,2627131,0.8806599357254221,0.5643353226899142,1-5,0.0
9558456,M70MEK,NJ,PAS,36,5,Queens,PHTO SCHOOL ZN SPEED VIOLATION,50.0,50.0,250.0,2631717,0.8821972425689852,0.5672270444207804,1-5,0.0
6641363,KTX2251,NY,PAS,36,5,Queens,PHTO SCHOOL ZN SPEED VIOLATION,50.0,50.0,250.0,2636265,0.8837218111526147,0.5700948050906409,1-5,2.0
9616297,MDF2903,PA,PAS,36,5,Queens,PHTO SCHOOL ZN SPEED VIOLATION,50.0,50.0,250.0,2640775,0.8852336414763107,0.5729386046994955,1-5,0.0
6614030,KTS6186,NY,PAS,36,5,Queens,PHTO SCHOOL ZN SPEED VIOLATION,50.0,50.0,250.0,2645247,0.8867327335400731,0.5757584432473443,1-5,0.0
6603429,KTP8451,NY,OMS,36,5,Bronx,PHTO SCHOOL ZN SPEED VIOLATION,50.0,50.0,250.0,2649683,0.8882197577786352,0.5785555818426611,1-5,1.0
472800,36AVPC,FL,PAS,36,5,Queens,PHTO SCHOOL ZN SPEED VIOLATION,50.0,50.0,250.0,2654080,0.889693708539897,0.5813281288227351,1-5,0.0
5920004,KLP8587,NY,PAS,36,5,Brooklyn,PHTO SCHOOL ZN SPEED VIOLATION,50.0,50.0,250.0,2658441,0.8911555914759587,0.5840779758502772,1-5,0.0
9803155,N57MCX,NJ,PAS,36,5,Staten Island,PHTO SCHOOL ZN SPEED VIOLATION,50.0,50.0,250.0,2662765,0.8926050713694534,0.5868044923710504,1-5,0.0
8148744,LCR1047,NY,PAS,36,5,Bronx,PHTO SCHOOL ZN SPEED VIOLATION,50.0,50.0,250.0,2667052,0.8940421482203813,0.5895076783850548,1-5,2.0
3015480,GGF5456,NY,PAS,36,5,Queens,PHTO SCHOOL ZN SPEED VIOLATION,50.0,50.0,250.0,2671302,0.8954668220287422,0.5921875338922903,1-5,0.0
5467371,KFZ8762,NY,PAS,36,5,Queens,PHTO SCHOOL ZN SPEED VIOLATION,50.0,50.0,250.0,2675516,0.8968794280119029,0.5948446894469939,1-5,2.0
6109109,KNK1086,NY,PAS,36,5,Queens,PHTO SCHOOL ZN SPEED VIOLATION,50.0,50.0,250.0,2679691,0.8982789605177633,0.5974772533864546,1-5,0.0
5549186,KGY4884,NY,PAS,36,5,Queens,PHTO SCHOOL ZN SPEED VIOLATION,50.0,50.0,250.0,2683831,0.8996667604157902,0.6000877479276204,1-5,0.0
1230751,905BP4,NY,MOT,36,5,Brooklyn,PHTO SCHOOL ZN SPEED VIOLATION,50.0,50.0,250.0,2687935,0.9010424924886169,0.6026755425162544,1-5,0.0
10254765,T105381C,NY,OMT,36,6,Manhattan,PHTO SCHOOL ZN SPEED VIOLATION,50.0,50.0,300.0,2692004,0.9024064919536099,0.6055290526603587,6-10,3.0
10521061,T744886C,NY,OMT,36,6,Brooklyn,PHTO SCHOOL ZN SPEED VIOLATION,50.0,50.0,300.0,2696035,0.9037577531586695,0.6085791696155587,6-10,2.0
2727037,FHM2035,NY,PAS,36,6,Queens,PHTO SCHOOL ZN SPEED VIOLATION,50.0,50.0,300.0,2700028,0.9050962761037954,0.6116005332975515,6-10,0.0
1599927,AX39166,CT,PAS,36,6,Queens,PHTO SCHOOL ZN SPEED VIOLATION,50.0,50.0,300.0,2703986,0.9064230664410877,0.6145954137015904,6-10,0.0
7802517,LAS8961,NY,PAS,36,6,Bronx,PHTO SCHOOL ZN SPEED VIOLATION,50.0,50.0,300.0,2707911,0.9077387946052798,0.6175653241578444,6-10,0.0
11025669,X81RYG,NJ,PAS,36,6,Queens,PHTO SCHOOL ZN SPEED VIOLATION,50.0,50.0,300.0,2711801,0.9090427901616385,0.6205087513361445,6-10,0.0
10719014,TNH6637,VA,PAS,36,6,Queens,PHTO SCHOOL ZN SPEED VIOLATION,50.0,50.0,300.0,2715648,0.9103323713712301,0.6234196419158154,6-10,0.0
1784605,BH36492,CT,PAS,36,6,Brooklyn,PHTO SCHOOL ZN SPEED VIOLATION,50.0,50.0,300.0,2719464,0.9116115608424549,0.6263070758778703,6-10,0.0
8640396,LFR6938,NY,OMS,36,6,Queens,PHTO SCHOOL ZN SPEED VIOLATION,50.0,50.0,300.0,2723248,0.9128800233579462,0.6291702965572243,6-10,0.0
3032578,GHF8514,NY,PAS,36,6,Queens,PHTO SCHOOL ZN SPEED VIOLATION,50.0,50.0,300.0,2726995,0.9141360828308704,0.6320055206284557,6-10,0.0
4917965,JPP5897,NY,PAS,36,6,Staten Island,PHTO SCHOOL ZN SPEED VIOLATION,50.0,50.0,300.0,2730707,0.9153804096959612,0.6348142614217334,6-10,0.0
3375684,H22202,NY,PAS,36,6,Staten Island,PHTO SCHOOL ZN SPEED VIOLATION,50.0,50.0,300.0,2734389,0.9166146800400518,0.6376003022624791,6-10,0.0
7363716,KYZ3398,NY,PAS,36,6,Bronx,PHTO SCHOOL ZN SPEED VIOLATION,50.0,50.0,300.0,2738034,0.9178365473415754,0.6403583464951021,6-10,0.0
2464433,EF25630,IL,PAS,36,6,Brooklyn,PHTO SCHOOL ZN SPEED VIOLATION,50.0,50.0,300.0,2741648,0.9190480229047322,0.6430929341101089,6-10,0.0
3418003,H99SRY,NJ,PAS,36,6,Bronx,PHTO SCHOOL ZN SPEED VIOLATION,50.0,50.0,300.0,2745227,0.9202477658600554,0.6458010384471619,6-10,0.0
2108280,CRK1385,GA,PAS,36,6,Queens,PHTO SCHOOL ZN SPEED VIOLATION,50.0,50.0,300.0,2748773,0.9214364466422785,0.6484841728364297,6-10,1.0
9492145,LXG8422,PA,PAS,36,6,Bronx,PHTO SCHOOL ZN SPEED VIOLATION,50.0,50.0,300.0,2752286,0.9226140652514013,0.6511423372779125,6-10,0.0
6114009,KNK5032,NY,PAS,36,6,Staten Island,PHTO SCHOOL ZN SPEED VIOLATION,50.0,50.0,300.0,2755765,0.9237802864700572,0.6537747751065258,6-10,0.0
9589872,MBT0342,PA,PAS,36,6,Queens,PHTO SCHOOL ZN SPEED VIOLATION,50.0,50.0,300.0,2759210,0.9249351102982463,0.6563814863222697,6-10,0.0
110750,15995MP,NY,COM,36,7,Queens,PHTO SCHOOL ZN SPEED VIOLATION,50.0,50.0,350.0,2762621,0.9260785367359684,0.6591716888209797,6-10,2.0
8967730,LJC1163,NY,PAS,36,7,Queens,PHTO SCHOOL ZN SPEED VIOLATION,50.0,50.0,350.0,2766003,0.927212241870057,0.662157237022311,6-10,0.0
8785100,LGS8826,NY,PAS,36,7,Staten Island,PHTO SCHOOL ZN SPEED VIOLATION,50.0,50.0,350.0,2769345,0.9283325383094787,0.6651074741863706,6-10,1.0
1405622,A85RLP,NJ,PAS,36,7,Queens,PHTO SCHOOL ZN SPEED VIOLATION,50.0,50.0,350.0,2772659,0.9294434486626335,0.66803299362434,6-10,1.0
5771251,KKF1768,NY,PAS,36,7,Queens,PHTO SCHOOL ZN SPEED VIOLATION,50.0,50.0,350.0,2775941,0.9305436320600549,0.6709302642324919,6-10,3.0
9254823,LLN8178,NY,PAS,36,7,Staten Island,PHTO SCHOOL ZN SPEED VIOLATION,50.0,50.0,350.0,2779190,0.931632753284376,0.6737984032348946,6-10,0.0
8320090,LDM6170,NY,OMS,36,7,Brooklyn,PHTO SCHOOL ZN SPEED VIOLATION,50.0,50.0,350.0,2782409,0.9327118179876969,0.6766400589593434,6-10,1.0
8132938,LCL5604,NY,PAS,36,7,Staten Island,PHTO SCHOOL ZN SPEED VIOLATION,50.0,50.0,350.0,2785595,0.9337798205179175,0.6794525830780429,6-10,1.0
8648530,LFS6872,NY,PAS,36,7,Queens,PHTO SCHOOL ZN SPEED VIOLATION,50.0,50.0,350.0,2788751,0.934837766527138,0.6822386239187886,6-10,0.0
6967570,KWR7221,NY,PAS,36,7,Bronx,PHTO SCHOOL ZN SPEED VIOLATION,50.0,50.0,350.0,2791876,0.9358853207979917,0.6849972987056487,6-10,1.0
1045092,782BD3,NY,MOT,36,7,Brooklyn,PHTO SCHOOL ZN SPEED VIOLATION,50.0,50.0,350.0,2794971,0.9369228185478451,0.6877294902145549,6-10,0.0
9794648,N40NNP,NJ,PAS,36,7,Staten Island,PHTO SCHOOL ZN SPEED VIOLATION,50.0,50.0,350.0,2798036,0.9379502597766983,0.6904351984455073,6-10,2.0
4406226,JEH7435,NY,PAS,36,7,Queens,PHTO SCHOOL ZN SPEED VIOLATION,50.0,50.0,350.0,2801071,0.9389676444845514,0.6931144233985057,6-10,0.0
3620329,HHS1898,NY,PAS,36,7,Staten Island,PHTO SCHOOL ZN SPEED VIOLATION,50.0,50.0,350.0,2804075,0.9399746374540375,0.6957662822976186,6-10,2.0
5100653,K87PDM,NJ,PAS,36,7,Brooklyn,PHTO SCHOOL ZN SPEED VIOLATION,50.0,50.0,350.0,2807048,0.9409712386851569,0.6983907751428458,6-10,0.0
1205033,8FA2318,MD,PAS,36,7,Queens,PHTO SCHOOL ZN SPEED VIOLATION,50.0,50.0,350.0,2809991,0.9419577833952759,0.700988784710119,6-10,0.0
7941035,LBM4931,NY,PAS,36,8,Bronx,PHTO SCHOOL ZN SPEED VIOLATION,50.0,50.0,400.0,2812902,0.9429336011496615,0.7038642381416709,6-10,0.0
2087968,CLX9933,NY,PAS,36,8,Staten Island,PHTO SCHOOL ZN SPEED VIOLATION,50.0,50.0,400.0,2815787,0.9439007032525135,0.7067748764996471,6-10,0.0
3426254,HAL4455,NY,PAS,36,8,Queens,PHTO SCHOOL ZN SPEED VIOLATION,50.0,50.0,400.0,2818642,0.9448577488343655,0.7096552482542475,6-10,1.0
4685442,JKZ9938,NY,PAS,36,8,Brooklyn,PHTO SCHOOL ZN SPEED VIOLATION,50.0,50.0,400.0,2821469,0.9458054083299504,0.7125073711790305,6-10,1.0
5184910,KBT7646,NY,OMS,36,8,Brooklyn,PHTO SCHOOL ZN SPEED VIOLATION,50.0,50.0,400.0,2824265,0.9467426760871686,0.7153282186136584,6-10,1.0
2967206,GDM6099,NY,PAS,36,8,Queens,PHTO SCHOOL ZN SPEED VIOLATION,50.0,50.0,400.0,2827033,0.9476705577581199,0.7181208172184689,6-10,0.0
4139885,HZR9609,NY,PAS,36,8,Queens,PHTO SCHOOL ZN SPEED VIOLATION,50.0,50.0,400.0,2829774,0.948589388560171,0.7208861758802411,6-10,0.0
6159871,KNS7392,NY,PAS,36,8,Brooklyn,PHTO SCHOOL ZN SPEED VIOLATION,50.0,50.0,400.0,2832488,0.9494991684933219,0.723624294598975,6-10,1.0
8494591,LEN3112,NY,PAS,36,8,Queens,PHTO SCHOOL ZN SPEED VIOLATION,50.0,50.0,400.0,2835172,0.9503988919054728,0.7263321467143332,6-10,2.0
9726063,MLA6701,PA,PAS,36,8,Brooklyn,PHTO SCHOOL ZN SPEED VIOLATION,50.0,50.0,400.0,2837830,0.95128989966609,0.7290137677734323,6-10,0.0
8374376,LDX4686,NY,PAS,36,8,Bronx,PHTO SCHOOL ZN SPEED VIOLATION,50.0,50.0,400.0,2840459,0.9521711861230737,0.7316661311159347,6-10,0.0
10312999,T121070C,NY,OMT,36,8,Brooklyn,PHTO SCHOOL ZN SPEED VIOLATION,50.0,50.0,400.0,2843062,0.9530437569285239,0.7342922634021781,6-10,4.0
672377,4LBY37,MA,PAS,36,8,Brooklyn,PHTO SCHOOL ZN SPEED VIOLATION,50.0,50.0,400.0,2845635,0.953906271212974,0.7368881290850456,6-10,0.0
4435008,JEZ5996,NY,PAS,36,9,Queens,PHTO SCHOOL ZN SPEED VIOLATION,50.0,50.0,450.0,2848181,0.9547597346285238,0.7397164170596701,6-10,0.0
5501203,KGH5447,NY,PAS,36,9,Queens,PHTO SCHOOL ZN SPEED VIOLATION,50.0,50.0,450.0,2850702,0.9556048176099069,0.7425777460763132,6-10,2.0
9733502,MLL5076,PA,PAS,36,9,Brooklyn,PHTO SCHOOL ZN SPEED VIOLATION,50.0,50.0,450.0,2853196,0.9564408497223897,0.7454084301570383,6-10,0.0
7111835,KXS9022,NY,PAS,36,9,Queens,PHTO SCHOOL ZN SPEED VIOLATION,50.0,50.0,450.0,2855664,0.9572681661833391,0.7482096042994719,6-10,0.0
2336526,DUX2563,NY,PAS,36,9,Queens,PHTO SCHOOL ZN SPEED VIOLATION,50.0,50.0,450.0,2858104,0.9580860965580216,0.7509789985083609,6-10,1.0
5745964,KKA5860,NY,PAS,36,9,Brooklyn,PHTO SCHOOL ZN SPEED VIOLATION,50.0,50.0,450.0,2860518,0.9588953112811706,0.7537188827789585,6-10,0.0
236688,221BE0,NY,MOT,36,9,Bronx,PHTO SCHOOL ZN SPEED VIOLATION,50.0,50.0,450.0,2862908,0.9596964807875195,0.7564315271065177,6-10,0.0
253880,23700TY,NY,OMT,36,9,Bronx,PHTO SCHOOL ZN SPEED VIOLATION,50.0,50.0,450.0,2865269,0.9604879289902348,0.7591112565029059,6-10,0.0
8307108,LDL4034,NY,OMS,36,9,Queens,PHTO SCHOOL ZN SPEED VIOLATION,50.0,50.0,450.0,2867605,0.9612709967587832,0.7617626109586291,6-10,1.0
9313528,LNC8326,NY,PAS,36,9,Brooklyn,PHTO SCHOOL ZN SPEED VIOLATION,50.0,50.0,450.0,2869920,0.9620470249626316,0.7643901304641939,6-10,0.0
8936283,LHY2029,NY,PAS,36,9,Brooklyn,PHTO SCHOOL ZN SPEED VIOLATION,50.0,50.0,450.0,2872210,0.9628146727323131,0.7669892750290938,6-10,0.0
5371221,KET7937,NY,PAS,36,10,Brooklyn,PHTO SCHOOL ZN SPEED VIOLATION,50.0,50.0,500.0,2874475,0.9635739400678279,0.7698052041406731,6-10,0.0
5666967,KJB8905,NY,PAS,36,10,Brooklyn,PHTO SCHOOL ZN SPEED VIOLATION,50.0,50.0,500.0,2876715,0.9643248269691758,0.7726300871224178,6-10,1.0
8766014,LGN2946,NY,PAS,36,10,Bronx,PHTO SCHOOL ZN SPEED VIOLATION,50.0,50.0,500.0,2878931,0.9650676686537235,0.7754247035007866,6-10,2.0
4126934,HZK4204,NY,PAS,36,10,Staten Island,PHTO SCHOOL ZN SPEED VIOLATION,50.0,50.0,500.0,2881123,0.965802465121471,0.7781890532757797,6-10,0.0
10370969,T432581C,NY,OMT,36,10,Brooklyn,PHTO SCHOOL ZN SPEED VIOLATION,50.0,50.0,500.0,2883293,0.9665298868071518,0.7809256586643449,6-10,4.0
448404,34N606,SD,PAS,36,10,Queens,PHTO SCHOOL ZN SPEED VIOLATION,50.0,50.0,500.0,2885437,0.967248592841299,0.7836294752325862,6-10,0.0
4833077,JNL4169,NY,PAS,36,10,Queens,PHTO SCHOOL ZN SPEED VIOLATION,50.0,50.0,500.0,2887560,0.9679602593107461,0.7863068085228737,6-10,1.0
6951231,KWN2143,NY,PAS,36,10,Brooklyn,PHTO SCHOOL ZN SPEED VIOLATION,50.0,50.0,500.0,2889657,0.9686632101286597,0.7889513529928374,6-10,0.0
2237970,DDYI12,CO,PAS,36,10,Staten Island,PHTO SCHOOL ZN SPEED VIOLATION,50.0,50.0,500.0,2891733,0.9693591213818733,0.7915694141848473,6-10,0.0
10394985,T634092C,NY,OMT,36,11,Brooklyn,PHTO SCHOOL ZN SPEED VIOLATION,50.0,50.0,550.0,2893785,0.9700469874182865,0.7943227923161165,11-15,3.0
3745729,HMT6353,NY,PAS,36,11,Brooklyn,PHTO SCHOOL ZN SPEED VIOLATION,50.0,50.0,550.0,2895815,0.9707274786726331,0.7971388475385432,11-15,3.0
5458380,KFX1097,NY,PAS,36,11,Brooklyn,PHTO SCHOOL ZN SPEED VIOLATION,50.0,50.0,550.0,2897824,0.9714009303622795,0.7999257711552208,11-15,0.0
3987364,HVV7346,NY,PAS,36,11,Staten Island,PHTO SCHOOL ZN SPEED VIOLATION,50.0,50.0,550.0,2899810,0.9720666720524923,0.8026807887275063,11-15,0.0
8249954,LDF1109,NY,PAS,36,11,Brooklyn,PHTO SCHOOL ZN SPEED VIOLATION,50.0,50.0,550.0,2901774,0.9727250389606384,0.8054052874747211,11-15,3.0
8313502,LDL9806,NY,PAS,36,11,Queens,PHTO SCHOOL ZN SPEED VIOLATION,50.0,50.0,550.0,2903714,0.9733753606519844,0.8080964929582225,11-15,0.0
2162450,CZU1840,GA,PAS,36,11,Queens,PHTO SCHOOL ZN SPEED VIOLATION,50.0,50.0,550.0,2905635,0.9740193132133635,0.8107613412746175,11-15,0.0
6795836,KVJ7066,NY,PAS,36,11,Staten Island,PHTO SCHOOL ZN SPEED VIOLATION,50.0,50.0,550.0,2907535,0.9746562262100426,0.8133970579852632,11-15,0.0
4865178,JNZ3270,NY,PAS,36,12,Brooklyn,PHTO SCHOOL ZN SPEED VIOLATION,50.0,50.0,600.0,2909412,0.975285429207288,0.8161707399629637,11-15,0.0
529907,3LZE18,MA,PAS,36,12,Queens,PHTO SCHOOL ZN SPEED VIOLATION,50.0,50.0,600.0,2911268,0.9759075926398334,0.8189794807562414,11-15,1.0
337073,29923NA,NY,COM,36,12,Manhattan,PHTO SCHOOL ZN SPEED VIOLATION,50.0,50.0,600.0,2913105,0.976523386942412,0.8217594682763119,11-15,0.0
6645883,KTX7871,NY,PAS,36,12,Manhattan,PHTO SCHOOL ZN SPEED VIOLATION,50.0,50.0,600.0,2914920,0.9771318064629237,0.8245061625326691,11-15,0.0
2618854,F16PTM,NJ,PAS,36,12,Bronx,PHTO SCHOOL ZN SPEED VIOLATION,50.0,50.0,600.0,2916715,0.977733521636102,0.8272225901856503,11-15,2.0
7639044,L49RWU,NJ,PAS,36,12,Staten Island,PHTO SCHOOL ZN SPEED VIOLATION,50.0,50.0,600.0,2918489,0.9783281972445803,0.8299072379050869,11-15,1.0
4774484,JMK8792,NY,PAS,36,13,Brooklyn,PHTO SCHOOL ZN SPEED VIOLATION,50.0,50.0,650.0,2920242,0.9789158332883583,0.8325606101343686,11-15,2.0
10037365,RAVIOLI2,NY,SRF,36,13,Brooklyn,PHTO SCHOOL ZN SPEED VIOLATION,50.0,50.0,650.0,2921976,0.9794971002021696,0.8354034008564439,11-15,1.0
11280404,Z24UKH,NJ,PAS,36,13,Brooklyn,PHTO SCHOOL ZN SPEED VIOLATION,50.0,50.0,650.0,2923691,0.9800719979860141,0.8382150421992117,11-15,3.0
5307248,KEE4039,NY,PAS,36,13,Queens,PHTO SCHOOL ZN SPEED VIOLATION,50.0,50.0,650.0,2925388,0.9806408618572584,0.8409971736036881,11-15,0.0
9962658,PZWX23,FL,PAS,36,13,Queens,PHTO SCHOOL ZN SPEED VIOLATION,50.0,50.0,650.0,2927065,0.9812030213811693,0.8437465161878406,11-15,0.0
7884720,LBD6004,NY,PAS,36,13,Brooklyn,PHTO SCHOOL ZN SPEED VIOLATION,50.0,50.0,650.0,2928719,0.9817574709056467,0.8464581516286207,11-15,0.0
10593021,T784031C,NY,OMT,36,14,Queens,PHTO SCHOOL ZN SPEED VIOLATION,50.0,50.0,700.0,2930358,0.982306892169624,0.8492101425405686,11-15,5.0
10807891,U75MAH,NJ,PAS,36,14,Bronx,PHTO SCHOOL ZN SPEED VIOLATION,50.0,50.0,700.0,2931977,0.9828496090862678,0.8520685710077215,11-15,0.0
4119643,HZG5815,NY,PAS,36,14,Queens,PHTO SCHOOL ZN SPEED VIOLATION,50.0,50.0,700.0,2933577,0.9833859568729449,0.8548934539894663,11-15,1.0
920717,685RN,NY,SRF,36,14,Queens,PHTO SCHOOL ZN SPEED VIOLATION,50.0,50.0,700.0,2935159,0.9839162707470218,0.8576865570376663,11-15,4.0
5727164,KJW5167,NY,PAS,36,14,Brooklyn,PHTO SCHOOL ZN SPEED VIOLATION,50.0,50.0,700.0,2936722,0.984440215491132,0.8604461146004582,11-15,1.0
8210826,LCZ4264,NY,PAS,36,15,Bronx,PHTO SCHOOL ZN SPEED VIOLATION,50.0,50.0,750.0,2938270,0.984959131974742,0.8632720064689821,11-15,2.0
8278487,LDG6694,NY,PAS,36,15,Bronx,PHTO SCHOOL ZN SPEED VIOLATION,50.0,50.0,750.0,2939797,0.9854710088936519,0.8661605754286634,11-15,2.0
8014569,LBX6688,NY,PAS,36,15,Brooklyn,PHTO SCHOOL ZN SPEED VIOLATION,50.0,50.0,750.0,2941307,0.9859771871173284,0.8690169861222579,11-15,1.0
5064271,K17ULG,NJ,PAS,36,15,Bronx,PHTO SCHOOL ZN SPEED VIOLATION,50.0,50.0,750.0,2942800,0.9864776666457714,0.8718412385497656,11-15,0.0
2219199,DAZ5237,NY,PAS,36,16,Queens,PHTO SCHOOL ZN SPEED VIOLATION,50.0,50.0,800.0,2944274,0.9869717770442477,0.8746760842884549,16-50,0.0
2455528,EDZ6703,NY,PAS,36,16,Queens,PHTO SCHOOL ZN SPEED VIOLATION,50.0,50.0,800.0,2945732,0.9874605239648572,0.8776179981365861,16-50,0.0
6079505,KNC2661,NY,PAS,36,16,Brooklyn,PHTO SCHOOL ZN SPEED VIOLATION,50.0,50.0,800.0,2947174,0.9879439074075999,0.8805276276077831,16-50,3.0
1380797,A37ULC,NJ,PAS,36,16,Queens,PHTO SCHOOL ZN SPEED VIOLATION,50.0,50.0,800.0,2948601,0.9884222625898424,0.8834069904756043,16-50,1.0
7854927,LAYDEEV,NY,SRF,36,17,Staten Island,PHTO SCHOOL ZN SPEED VIOLATION,50.0,50.0,850.0,2950010,0.9888945838594849,0.8863481476586512,16-50,1.0
8959578,LJA5710,NY,PAS,36,17,Staten Island,PHTO SCHOOL ZN SPEED VIOLATION,50.0,50.0,850.0,2951401,0.9893608712165273,0.8893302908671029,16-50,1.0
2577315,EUZ9540,NY,PAS,36,17,Bronx,PHTO SCHOOL ZN SPEED VIOLATION,50.0,50.0,850.0,2952775,0.9898214598783363,0.8922759880406561,16-50,2.0
8946928,LHZ8701,NY,PAS,36,18,Bronx,PHTO SCHOOL ZN SPEED VIOLATION,50.0,50.0,900.0,2954133,0.9902766850622784,0.8952583834708026,16-50,1.0
4876025,JPC5395,NY,PAS,36,18,Queens,PHTO SCHOOL ZN SPEED VIOLATION,50.0,50.0,900.0,2955476,0.9907268819857205,0.8983069870958337,16-50,1.0
10828501,UDR578,SC,PAS,36,18,Brooklyn,PHTO SCHOOL ZN SPEED VIOLATION,50.0,50.0,900.0,2956804,0.9911720506486623,0.9013215407920669,16-50,1.0
2090062,CMH4235,AZ,PAS,36,19,Brooklyn,PHTO SCHOOL ZN SPEED VIOLATION,50.0,50.0,950.0,2958114,0.9916111853990042,0.9044169315414832,16-50,0.0
1724611,BD18124,CT,PAS,36,19,Brooklyn,PHTO SCHOOL ZN SPEED VIOLATION,50.0,50.0,950.0,2959411,0.9920459623235793,0.9075246811539445,16-50,3.0
11198070,Y203367C,NY,OMT,36,20,Manhattan,PHTO SCHOOL ZN SPEED VIOLATION,50.0,50.0,1000.0,2960692,0.9924753757702877,0.9106474379572465,16-50,1.0
4583254,JJB4811,NY,PAS,36,20,Brooklyn,PHTO SCHOOL ZN SPEED VIOLATION,50.0,50.0,1000.0,2961959,0.9929000961738625,0.9138430868303451,16-50,3.0
10957481,W74PWK,NJ,PAS,36,21,Staten Island,PHTO SCHOOL ZN SPEED VIOLATION,50.0,50.0,1050.0,2963210,0.9933194530995706,0.9170396184793755,16-50,1.0
6147474,KNN8944,NY,PAS,36,21,Staten Island,PHTO SCHOOL ZN SPEED VIOLATION,50.0,50.0,1050.0,2964446,0.9937337817647787,0.9203129516344722,16-50,1.0
4600326,JJL2300,NY,PAS,36,22,Brooklyn,PHTO SCHOOL ZN SPEED VIOLATION,50.0,50.0,1100.0,2965667,0.9941430821694865,0.9236282797017529,16-50,0.0
6817561,KVP7198,NY,PAS,36,22,Queens,PHTO SCHOOL ZN SPEED VIOLATION,50.0,50.0,1100.0,2966870,0.9945463486615944,0.9269659293890232,16-50,2.0
10424378,T674933C,NY,OMT,36,23,Queens,PHTO SCHOOL ZN SPEED VIOLATION,50.0,50.0,1150.0,2968061,0.9949455925453021,0.9304127910701413,16-50,2.0
4116198,HZE2219,NY,PAS,36,24,Queens,PHTO SCHOOL ZN SPEED VIOLATION,50.0,50.0,1200.0,2969240,0.9953408138206098,0.9339039176586966,16-50,2.0
7794486,LAR8989,NY,PAS,36,25,Brooklyn,PHTO SCHOOL ZN SPEED VIOLATION,50.0,50.0,1250.0,2970403,0.9957306716180506,0.9374650357675586,16-50,3.0
10155144,S37RMU,NJ,PAS,36,26,Brooklyn,PHTO SCHOOL ZN SPEED VIOLATION,50.0,50.0,1300.0,2971554,0.9961165068070914,0.9411232592289179,16-50,5.0
7930233,LBK9870,NY,PAS,36,27,Bronx,PHTO SCHOOL ZN SPEED VIOLATION,50.0,50.0,1350.0,2972690,0.9964973137356322,0.944886533026161,16-50,1.0
2983959,GEH5403,NY,PAS,36,28,Queens,PHTO SCHOOL ZN SPEED VIOLATION,50.0,50.0,1400.0,2973810,0.9968727571863061,0.9487548571592875,16-50,0.0
7500282,KZM2236,NY,PAS,36,29,Bronx,PHTO SCHOOL ZN SPEED VIOLATION,50.0,50.0,1450.0,2974920,0.9972448484633133,0.9527593810076055,16-50,3.0
11005147,X43SDJ,NJ,PAS,36,31,Brooklyn,PHTO SCHOOL ZN SPEED VIOLATION,50.0,50.0,1550.0,2976016,0.9976122466971871,0.9569359200517761,16-50,1.0
956791,702RN,NY,SRF,36,33,Bronx,PHTO SCHOOL ZN SPEED VIOLATION,50.0,50.0,1650.0,2977099,0.9979752871052942,0.9613056609141624,16-50,0.0
3855737,HSD2664,NY,PAS,36,35,Brooklyn,PHTO SCHOOL ZN SPEED VIOLATION,50.0,50.0,1750.0,2978164,0.998332293600801,0.9659015185259358,16-50,2.0
3893984,HTC9270,NY,PAS,36,39,Queens,PHTO SCHOOL ZN SPEED VIOLATION,50.0,50.0,1950.0,2979223,0.9986872887921079,0.9708532609490699,16-50,0.0
759577,55BXIR,FL,PAS,36,43,Queens,PHTO SCHOOL ZN SPEED VIOLATION,50.0,50.0,2150.0,2980267,0.9990372557229147,0.9762461391164069,16-50,3.0
7278238,KYN7205,NY,PAS,36,51,Bronx,PHTO SCHOOL ZN SPEED VIOLATION,50.0,50.0,2550.0,2981297,0.999382529610588,0.9823302308383395,51+,3.0
10736806,TRK8026,VA,PAS,36,68,Brooklyn,PHTO SCHOOL ZN SPEED VIOLATION,50.0,50.0,3400.0,2982317,0.9997244513245946,0.9897997763298011,51+,2.0
8142052,LCM8254,NY,PAS,36,755,Brooklyn,PHTO SCHOOL ZN SPEED VIOLATION,50.0,50.0,37750.0,2983138,0.9999996647826334,1.0,51+,13.0
